Traditional Income,Canadian Bonds,Canada Guaranteed
Traditional Income,Canadian Bonds,Corporate (Canadian Bonds)
Traditional Income,Canadian Bonds,Derivative Products-Bonds (Canadian Bonds)
Traditional Income,Canadian Bonds,ETF (Canadian Bonds)
Traditional Income,Canadian Bonds,External Funds (Canadian Bonds)
Traditional Income,Canadian Bonds,Fiera Active Fixed Income
Traditional Income,Canadian Bonds,Fiera Bond
Traditional Income,Canadian Bonds,Fiera Canadian Bond - Ethical
Traditional Income,Canadian Bonds,Fiera Cdn High Yield Bond
Traditional Income,Canadian Bonds,Fiera Corporate Mid-Term Bond
Traditional Income,Canadian Bonds,Fiera Corporate Universe Bond
Traditional Income,Canadian Bonds,Fiera High Yield Bond
Traditional Income,Canadian Bonds,Fiera Infrastructure Bond
Traditional Income,Canadian Bonds,Fiera Integrated Fixed Income – Short Term
Traditional Income,Canadian Bonds,Fiera Long Bond
Traditional Income,Canadian Bonds,Fiera Sceptre Bond
Traditional Income,Canadian Bonds,Fiera Tactical Fixed Income
Traditional Income,Canadian Bonds,Foreign Currency
Traditional Income,Canadian Bonds,GIC
Traditional Income,Canadian Bonds,Government (Canadian Bonds)
Traditional Income,Canadian Bonds,Mortgage Backed Securities
Traditional Income,Canadian Bonds,Municipal
Traditional Income,Canadian Bonds,Non-Fiera Funds
Traditional Income,Canadian Bonds,Other (Canadian Bonds)
Traditional Income,Canadian Bonds,Private Placements
Traditional Income,Canadian Bonds,Provincial
Traditional Income,Canadian Bonds,Provincial Guaranteed
Traditional Income,Cash & Equivalents,Bankers Acceptance
Traditional Income,Cash & Equivalents,Cash
Traditional Income,Cash & Equivalents,Commercial Paper
Traditional Income,Cash & Equivalents,Corporate (Cash & Equivalents)
Traditional Income,Cash & Equivalents,External Funds (Cash & Equivalents)
Traditional Income,Cash & Equivalents,Fiera Sceptre Money Market
Traditional Income,Cash & Equivalents,Fiera Short Term Core
Traditional Income,Cash & Equivalents,Fiera Short Term Investment
Traditional Income,Cash & Equivalents,Foreign Currency Bonds
Traditional Income,Cash & Equivalents,Government (Cash & Equivalents)
Traditional Income,Cash & Equivalents,MM Foreign Currency
Traditional Income,Cash & Equivalents,Non Fiera Funds
Traditional Income,Cash & Equivalents,Others
Traditional Income,Foreign Bonds,Corporate (Foreign Bonds)
Traditional Income,Foreign Bonds,Covered Bond
Traditional Income,Foreign Bonds,Derivative Products-Bonds (Foreign Bonds)
Traditional Income,Foreign Bonds,ETF (Foreign Bonds)
Traditional Income,Foreign Bonds,External Funds (Foreign Bonds)
Traditional Income,Foreign Bonds,Government (Foreign Bonds)
Traditional Income,Foreign Bonds,Other (Foreign Bonds)
Traditional Income,Foreign Bonds,Sovereign Govt & Agency
Traditional Income,Preferred Shares,Convertible
Traditional Income,Preferred Shares,ETF (Preferred Shares)
Traditional Income,Preferred Shares,Fixed Floating Rate
Traditional Income,Preferred Shares,Floating Rate
Traditional Income,Preferred Shares,Perpetual
Traditional Income,Preferred Shares,Rate Reset
Traditional Income,Preferred Shares,Retractable
Traditional Capital Appreciation,Canadian Equities,Derivative Products (Canadian Equities)
Traditional Capital Appreciation,Canadian Equities,ETF (Canadian Equities)
Traditional Capital Appreciation,Canadian Equities,External Funds (Canadian Equities)
Traditional Capital Appreciation,Canadian Equities,Fiera Canadian Equity
Traditional Capital Appreciation,Canadian Equities,Fiera Canadian Equity - Selexia
Traditional Capital Appreciation,Canadian Equities,Fiera Canadian Equity Focused - Selexia
Traditional Capital Appreciation,Canadian Equities,Fiera Canadian Equity Growth
Traditional Capital Appreciation,Canadian Equities,Fiera Canadian Equity Value
Traditional Capital Appreciation,Canadian Equities,Fiera Canadian Equity Value ESG
Traditional Capital Appreciation,Canadian Equities,Fiera Canadian High Income Equity
Traditional Capital Appreciation,Canadian Equities,Fiera High Income Trust
Traditional Capital Appreciation,Canadian Equities,Fiera Income Trust
Traditional Capital Appreciation,Canadian Equities,Fiera Private Wealth Canadian Equity Value
Traditional Capital Appreciation,Canadian Equities,Fiera Private Wealth Opportunities
Traditional Capital Appreciation,Canadian Equities,Fiera Sceptre Canadian Equity
Traditional Capital Appreciation,Canadian Equities,Fiera Sceptre Core Canadian Equity
Traditional Capital Appreciation,Canadian Equities,Fiera Sceptre Equity Growth
Traditional Capital Appreciation,Canadian Equities,Fiera Sceptre High Income
Traditional Capital Appreciation,Canadian Equities,Fiera Sceptre Large Cap Canadian Equity
Traditional Capital Appreciation,Canadian Equities,Fiera Small Cap Equity
Traditional Capital Appreciation,Canadian Equities,Other (Canadian Equities)
Traditional Capital Appreciation,Canadian Equities,SPIF (Canadian Equities)
Traditional Capital Appreciation,Commodities,Agriculture
Traditional Capital Appreciation,Commodities,Energy
Traditional Capital Appreciation,Commodities,General
Traditional Capital Appreciation,Commodities,Industrial Metals
Traditional Capital Appreciation,Commodities,Livestock
Traditional Capital Appreciation,Commodities,Precious Metals
Traditional Capital Appreciation,Emerging Market Equities,ETF (Emerging Market Equities)
Traditional Capital Appreciation,Global Equities,External Funds (Global Equities)
Traditional Capital Appreciation,Global Equities,Fiera All Country World Equity
Traditional Capital Appreciation,Global Equities,Fiera Capital Defensive Global Equity
Traditional Capital Appreciation,Global Equities,Fiera Global Equity
Traditional Capital Appreciation,Global Equities,Fond. Selection - Closed
Traditional Capital Appreciation,Global Equities,Tact. Selection - Closed
Traditional Capital Appreciation,International Equities,ETF (International Equities)
Traditional Capital Appreciation,International Equities,External Funds (International Equities)
Traditional Capital Appreciation,International Equities,Fiera International Equity
Traditional Capital Appreciation,International Equities,Fiera International Equity ESG
Traditional Capital Appreciation,International Equities,Fiera Intl Equity Diversif.
Traditional Capital Appreciation,International Equities,Fiera Sceptre Global Equity
Traditional Capital Appreciation,US Equities,Derivative Products (US Equities)
Traditional Capital Appreciation,US Equities,ETF (US Equities)
Traditional Capital Appreciation,US Equities,External Funds (US Equities)
Traditional Capital Appreciation,US Equities,Fiera Capital Defensive US Equity
Traditional Capital Appreciation,US Equities,Fiera Sceptre US Equity
Traditional Capital Appreciation,US Equities,Fiera U.S. Equity Tax Exempt
Traditional Capital Appreciation,US Equities,Fiera US Equity
Traditional Capital Appreciation,US Equities,Fiera US Equity ESG
Traditional Capital Appreciation,US Equities,Other (US Equities)
Others,Balanced,External Funds (Balanced)
Others,Balanced,Fiera Balanced
Others,Balanced,Fiera Diversified Balanced
Others,Balanced,Fiera Sceptre Balanced
Others,Balanced,SPIF (Balanced)
Others,Currency Derivatives,Forwards
Others,Currency Derivatives,Futures
Others,Currency Derivatives,Options
Others,Currency Derivatives,Swap
Others,External Funds,External Funds (External Funds)
Non-Traditional Income,Diversified Lending,Fiera Diversified Lending
Non-Traditional Income,Infrastructure,Centria Capital Funds LP
Non-Traditional Income,Infrastructure,ETF (Infrastructure)
Non-Traditional Income,Infrastructure,Fiera Infrastructure
Non-Traditional Income,Infrastructure,Fonds Investissement Immobilier Centria
Non-Traditional Income,Multi-Strategy Income,Fiera Multi-Strategy Income
Non-Traditional Income,Real Estate,External Funds (Real Estate)
Non-Traditional Income,Real Estate,Fiera Real Estate
Non-Traditional Capital Appreciation,Hedge Funds,External Funds (Hedge Funds)
Non-Traditional Capital Appreciation,Hedge Funds,Fiera Absolute Bond Yield
Non-Traditional Capital Appreciation,Hedge Funds,Fiera Arbitrage Short-Term Bond
Non-Traditional Capital Appreciation,Hedge Funds,Fiera Currency Management
Non-Traditional Capital Appreciation,Hedge Funds,Fiera Currency Management & Arbitrage Short-Term
Non-Traditional Capital Appreciation,Hedge Funds,Fiera Diversified Futures
Non-Traditional Capital Appreciation,Hedge Funds,Fiera Fixed Income & Currency Arbitrage
Non-Traditional Capital Appreciation,Hedge Funds,Fiera Global Macro
Non-Traditional Capital Appreciation,Hedge Funds,Fiera Long Short Equity
Non-Traditional Capital Appreciation,Hedge Funds,Fiera Market Neutral Equity
Non-Traditional Capital Appreciation,Hedge Funds,Fiera Multi-Strategy
Non-Traditional Capital Appreciation,Hedge Funds,Fiera North American Market Neutral
Non-Traditional Capital Appreciation,Private Equity,Fiera Private Investment Fund
